Temperature  Celsius,Vapour Pressure BarA,Critical Pressure BarA,Density Kg/m3,Sp.Gravity,hf (Btu/lb),hfg (Btu/lb),vf m3/kg,vg m3/kg,Dynamic Viscocity cp,Kinematic Viscocity m2/s
0.0000,0.005587393,220.4,999.9040574,0.999904057,-0.0179,1075.1,0.001000096,206.1371306,1,1.0001E-06
0.5556,0.005835604,220.4,999.9040574,0.999904057,0.9916,1074.5,0.001000096,198.3960633,1,1.0001E-06
1.1111,0.006096226,220.4,999.9040574,0.999904057,2.0000,1073.9,0.001000096,190.9671359,1,1.0001E-06
1.6667,0.006365811,220.4,999.9040574,0.999904057,3.0080,1073.3,0.001000096,183.8503482,1,1.0001E-06
2.2222,0.00664229,220.4,999.9040574,0.999904057,4.0140,1072.8,0.001000096,177.0457003,1,1.0001E-06
2.7778,0.00693187,220.4,999.9040574,0.999904057,5.0200,1072.2,0.001000096,170.5531923,1,1.0001E-06
3.3333,0.007235238,220.4,999.9040574,0.999904057,6.0260,1071.6,0.001000096,164.3103961,1,1.0001E-06
3.8889,0.007545502,220.4,999.9040574,0.999904057,7.0300,1071.1,0.001000096,158.3173117,1,1.0001E-06
4.4444,0.007862661,220.4,999.9040574,0.999904057,8.0340,1070.5,0.001000096,152.5115112,1,1.0001E-06
5.0000,0.008200504,220.4,999.9040574,0.999904057,9.0380,1069.9,0.001000096,147.0178506,1,1.0001E-06
5.5556,0.008538346,220.4,999.9040574,0.999904057,10.0400,1069.4,0.001000096,141.7114738,1,1.0001E-06
6.1111,0.008896873,220.4,999.9040574,0.999904057,11.0400,1068.8,0.001000096,136.6548089,1,1.0001E-06
6.6667,0.009262295,220.4,999.9040574,0.999904057,12.0500,1068.3,0.001000096,131.7854279,1,1.0001E-06
7.2222,0.009648401,220.4,999.9040574,0.999904057,13.0500,1067.7,0.001000096,127.1033307,1,1.0001E-06
7.7778,0.010041402,220.4,999.9040574,0.999904057,14.0500,1067.1,0.001000096,122.6085174,1,1.0001E-06
8.3333,0.010448192,220.4,999.9040574,0.999904057,15.0500,1066.6,0.001000096,118.3009881,1,1.0001E-06
8.8889,0.010868772,220.4,999.9040574,0.999904057,16.0500,1066.0,0.001000096,114.1183146,1,1.0001E-06
9.4444,0.011303141,220.4,999.9040574,0.999904057,17.0500,1065.4,0.001000096,110.122925,1,1.0001E-06
10.0000,0.0117513,220.4,999.9040574,0.999904057,18.0500,1064.9,0.001000096,106.3148193,1,1.0001E-06
10.5556,0.012220143,220.4,999.9040574,0.999904057,19.0500,1064.3,0.001000096,102.6315696,1,1.0001E-06
11.1111,0.01269588,220.4,999.280287,0.999280287,20.0500,1063.8,0.00100072,99.13560371,1,1.00072E-06
11.6667,0.013192303,220.4,999.280287,0.999280287,21.0500,1063.2,0.00100072,95.7020658,1,1.00072E-06
12.2222,0.013702514,220.4,999.280287,0.999280287,22.0500,1062.6,0.00100072,92.45581177,1,1.00072E-06
12.7778,0.01423341,220.4,999.280287,0.999280287,23.0500,1062.1,0.00100072,89.33441367,1,1.00072E-06
13.3333,0.014778095,220.4,999.280287,0.999280287,24.0500,1061.5,0.00100072,86.27544353,1,1.00072E-06
13.8889,0.015343465,220.4,999.280287,0.999280287,25.0500,1060.9,0.00100072,83.40375728,1,1.00072E-06
14.4444,0.015929518,220.4,999.280287,0.999280287,26.0500,1060.4,0.00100072,80.59449899,1,1.00072E-06
15.0000,0.016529362,220.4,999.280287,0.999280287,27.0500,1059.8,0.00100072,77.91009662,1,1.00072E-06
15.5556,0.017149889,220.4,999.280287,0.999280287,28.0500,1059.3,0.00100072,75.28812221,1,1.00072E-06
16.1111,0.017784206,220.4,998.6572943,0.998657294,29.0500,1058.7,0.001001345,72.79100373,1,1.00134E-06
16.6667,0.018446102,220.4,998.6572943,0.998657294,30.0500,1058.1,0.001001345,70.41874117,1,1.00134E-06
17.2222,0.019128682,220.4,998.6572943,0.998657294,31.0500,1057.6,0.001001345,68.10890658,1,1.00134E-06
17.7778,0.019831947,220.4,998.6572943,0.998657294,32.0500,1057.0,0.001001345,65.86149995,1,1.00134E-06
18.3333,0.020549001,220.4,998.6572943,0.998657294,33.0500,1056.4,0.001001345,63.73894924,1,1.00134E-06
18.8889,0.021300529,220.4,998.6572943,0.998657294,34.0400,1055.9,0.001001345,61.67882649,1,1.00134E-06
19.4444,0.022065846,220.4,998.0350779,0.998035078,35.0400,1055.3,0.001001969,59.6936173,1,1.00197E-06
20.0000,0.022858742,220.4,998.0350779,0.998035078,36.0400,1054.7,0.001001969,57.77707886,1,1.00197E-06
20.5556,0.023679217,220.4,998.0350779,0.998035078,37.0400,1054.2,0.001001969,55.92921119,1,1.00197E-06
21.1111,0.024520377,220.4,998.0350779,0.998035078,38.0400,1053.6,0.001001969,54.15001427,1,1.00197E-06
21.6667,0.025389115,220.4,998.0350779,0.998035078,39.0400,1053.1,0.001001969,52.43948811,1,1.00197E-06
22.2222,0.026278538,220.4,997.4136364,0.997413636,40.0400,1052.5,0.001002593,50.78514711,1,1.00259E-06
22.7778,0.027202434,220.4,997.4136364,0.997413636,41.0400,1051.9,0.001002593,49.18699129,1,1.00259E-06
23.3333,0.028147015,220.4,997.4136364,0.997413636,42.0400,1051.4,0.001002593,47.65126342,1,1.00259E-06
23.8889,0.02912607,220.4,997.4136364,0.997413636,43.0400,1050.8,0.001002593,46.16547792,1,1.00259E-06
24.4444,0.030125809,220.4,997.4136364,0.997413636,44.0400,1050.2,0.001002593,44.73587759,1,1.00259E-06
25.0000,0.031160021,220.4,996.7929683,0.996792968,45.0400,1049.7,0.001003217,43.35621963,1,1.00322E-06
25.5556,0.032228707,220.4,996.7929683,0.996792968,46.0300,1049.1,0.001003217,42.02650404,1,1.00322E-06
26.1111,0.033324973,220.4,996.7929683,0.996792968,47.0300,1048.5,0.001003217,40.74048802,1,1.00322E-06
26.6667,0.034448817,220.4,996.7929683,0.996792968,48.0300,1048.0,0.001003217,39.49817158,1,1.00322E-06
27.2222,0.035607135,220.4,996.1730721,0.996173072,49.0300,1047.4,0.001003842,38.29955471,1,1.00384E-06
27.7778,0.036799927,220.4,996.1730721,0.996173072,50.0300,1046.8,0.001003842,37.13839461,1,1.00384E-06
28.3333,0.038034087,220.4,996.1730721,0.996173072,51.0300,1046.3,0.001003842,36.02717689,1,1.00384E-06
28.8889,0.039295826,220.4,996.1730721,0.996173072,52.0300,1045.7,0.001003842,34.94717315,1,1.00384E-06
29.4444,0.040592039,220.4,995.5539466,0.995553947,53.0300,1045.1,0.001004466,33.90462618,1,1.00447E-06
30.0000,0.041929621,220.4,995.5539466,0.995553947,54.0300,1044.6,0.001004466,32.8932932,1,1.00447E-06
30.5556,0.043301676,220.4,995.5539466,0.995553947,55.0300,1044.0,0.001004466,31.91941699,1,1.00447E-06
31.1111,0.044708205,220.4,995.5539466,0.995553947,56.0300,1043.4,0.001004466,30.98299756,1,1.00447E-06
31.6667,0.046162997,220.4,994.9355901,0.99493559,57.0300,1042.9,0.00100509,30.07154931,1,1.00509E-06
32.2222,0.047652263,220.4,994.9355901,0.99493559,58.0300,1042.3,0.00100509,29.19755784,1,1.00509E-06
32.7778,0.049182898,220.4,994.9355901,0.99493559,59.0200,1041.7,0.00100509,28.34853756,1,1.00509E-06
33.3333,0.0507549,220.4,994.3180012,0.994318001,60.0200,1041.2,0.001005714,27.52448846,1,1.00571E-06
33.8889,0.052375167,220.4,994.3180012,0.994318001,61.0200,1040.6,0.001005714,26.73165334,1,1.00571E-06
34.4444,0.054029907,220.4,994.3180012,0.994318001,62.0200,1040.0,0.001005714,25.96378941,1,1.00571E-06
35.0000,0.055739805,220.4,993.7011787,0.993701179,63.0200,1039.5,0.001006339,25.22089666,1,1.00634E-06
35.5556,0.057491071,220.4,993.7011787,0.993701179,64.0200,1038.9,0.001006339,24.5029751,1,1.00634E-06
36.1111,0.059290601,220.4,993.7011787,0.993701179,65.0200,1038.3,0.001006339,23.80378192,1,1.00634E-06
36.6667,0.061138394,220.4,993.7011787,0.993701179,66.0200,1037.8,0.001006339,23.13580273,1,1.00634E-06
37.2222,0.06303445,220.4,993.0851209,0.993085121,67.0200,1037.2,0.001006963,22.48655192,1,1.00696E-06
37.7778,0.06497877,220.4,993.0851209,0.993085121,68.0200,1036.6,0.001006963,21.85602951,1,1.00696E-06
38.3333,0.066971353,220.4,993.0851209,0.993085121,69.0200,1036.0,0.001006963,21.24423548,1,1.00696E-06
38.8889,0.069039777,220.4,992.4698265,0.992469827,70.0200,1035.5,0.001007587,20.65116984,1,1.00759E-06
39.4444,0.071108203,220.4,992.4698265,0.992469827,71.0100,1034.9,0.001007587,20.08307539,1,1.00759E-06
40.0000,0.073314523,220.4,992.4698265,0.992469827,72.0100,1034.3,0.001007587,19.52746652,1,1.00759E-06
40.5556,0.075520843,220.4,991.8552941,0.991855294,73.0100,1033.8,0.001008212,18.99058605,1,1.00821E-06
41.1111,0.07779611,220.4,991.8552941,0.991855294,74.0100,1033.2,0.001008212,18.47243397,1,1.00821E-06
41.6667,0.080071377,220.4,991.2415223,0.991241522,75.0100,1032.6,0.001008836,17.97301027,1,1.00884E-06
42.2222,0.08248454,220.4,991.2415223,0.991241522,76.0100,1032.1,0.001008836,17.47982937,1,1.00884E-06
42.7778,0.08496665,220.4,991.2415223,0.991241522,77.0100,1031.5,0.001008836,17.01161965,1,1.00884E-06
43.3333,0.08744876,220.4,990.6285096,0.99062851,78.0100,1030.9,0.00100946,16.55589553,1,1.00946E-06
43.8889,0.089999818,220.4,990.6285096,0.99062851,79.0100,1030.3,0.00100946,16.112657,1,1.00946E-06
44.4444,0.09268877,220.4,990.6285096,0.99062851,80.0100,1029.8,0.00100946,15.68190406,1,1.00946E-06
45.0000,0.095377723,220.4,990.0162546,0.990016255,81.0000,1029.2,0.001010084,15.26363672,1,1.01008E-06
45.5556,0.098135623,220.4,990.0162546,0.990016255,82.0000,1028.6,0.001010084,14.85785496,1,1.01008E-06
46.1111,0.10096247,220.4,989.404756,0.989404756,83.0000,1028.0,0.001010709,14.4708016,1,1.01071E-06
46.6667,0.103927213,220.4,989.404756,0.989404756,84.0000,1027.5,0.001010709,14.08999103,1,1.01071E-06
47.2222,0.106891955,220.4,989.404756,0.989404756,85.0000,1026.9,0.001010709,13.72166605,1,1.01071E-06
47.7778,0.109925645,220.4,988.7940123,0.988794012,86.0000,1026.3,0.001011333,13.35958388,1,1.01133E-06
48.3333,0.11309723,220.4,988.7940123,0.988794012,87.0000,1025.7,0.001011333,13.01623008,1,1.01133E-06
48.8889,0.116268815,220.4,988.1840222,0.988184022,88.0000,1025.2,0.001011957,12.67911909,1,1.01196E-06
49.4444,0.119578295,220.4,988.1840222,0.988184022,89.0000,1024.6,0.001011957,12.35449369,1,1.01196E-06
50.0000,0.122887775,220.4,988.1840222,0.988184022,89.9900,1024.0,0.001011957,12.03611108,1,1.01196E-06
50.5556,0.12633515,220.4,987.5747842,0.987574784,90.9900,1023.4,0.001012582,11.73021407,1,1.01258E-06
51.1111,0.129851473,220.4,987.5747842,0.987574784,91.9900,1022.9,0.001012582,11.43055985,1,1.01258E-06
51.6667,0.13350569,220.4,986.966297,0.986966297,92.9900,1022.3,0.001013206,11.14339122,1,1.01321E-06
52.2222,0.137159908,220.4,986.966297,0.986966297,93.9900,1021.7,0.001013206,10.86246539,1,1.01321E-06
52.7778,0.14095202,220.4,986.966297,0.986966297,94.9900,1021.1,0.001013206,10.58778236,1,1.01321E-06
53.3333,0.14481308,220.4,986.3585591,0.986358559,95.9900,1020.6,0.00101383,10.32558492,1,1.01383E-06
53.8889,0.148812035,220.4,986.3585591,0.986358559,96.9900,1020.0,0.00101383,10.06338748,1,1.01383E-06
54.4444,0.15281099,220.4,985.7515692,0.985751569,97.9900,1019.4,0.001014454,9.813675632,1,1.01445E-06
55.0000,0.157016788,220.4,985.7515692,0.985751569,98.9800,1018.8,0.001014454,9.57020658,1,1.01445E-06
55.5556,0.161222585,220.4,985.145326,0.985145326,100.0000,1018.2,0.001015079,9.33922312,1,1.01508E-06
56.1111,0.165566278,220.4,985.145326,0.985145326,101.0000,1017.7,0.001015079,9.108239661,1,1.01508E-06
56.6667,0.169978918,220.4,984.5398279,0.984539828,102.0000,1017.1,0.001015703,8.883498997,1,1.0157E-06
57.2222,0.174529453,220.4,984.5398279,0.984539828,103.0000,1016.5,0.001015703,8.671243926,1,1.0157E-06
57.7778,0.179148935,220.4,984.5398279,0.984539828,104.0000,1015.9,0.001015703,8.458988856,1,1.0157E-06
58.3333,0.183906313,220.4,983.9350737,0.983935074,105.0000,1015.3,0.001016327,8.252976581,1,1.01633E-06
58.8889,0.188801585,220.4,983.9350737,0.983935074,106.0000,1014.8,0.001016327,8.053207102,1,1.01633E-06
59.4444,0.193696858,220.4,983.331062,0.983331062,107.0000,1014.2,0.001016952,7.85968042,1,1.01695E-06
60.0000,0.198798973,220.4,983.331062,0.983331062,108.0000,1013.6,0.001016952,7.672396534,1,1.01695E-06
60.5556,0.203970035,220.4,982.7277914,0.982727791,109.0000,1013.0,0.001017576,7.491355444,1,1.01758E-06
61.1111,0.209278993,220.4,982.7277914,0.982727791,110.0000,1012.4,0.001017576,7.31655715,1,1.01758E-06
61.6667,0.214656898,220.4,982.1252606,0.982125261,111.0000,1011.9,0.0010182,7.141758857,1,1.0182E-06
62.2222,0.220172698,220.4,982.1252606,0.982125261,112.0000,1011.3,0.0010182,6.973203359,1,1.0182E-06
62.7778,0.225826393,220.4,981.5234681,0.981523468,113.0000,1010.7,0.001018824,6.810890658,1,1.01882E-06
63.3333,0.231617983,220.4,981.5234681,0.981523468,114.0000,1010.1,0.001018824,6.648577957,1,1.01882E-06
63.8889,0.237547468,220.4,980.9224127,0.980922413,115.0000,1009.5,0.001019449,6.498750848,1,1.01945E-06
64.4444,0.2435459,220.4,980.9224127,0.980922413,116.0000,1008.9,0.001019449,6.348923739,1,1.01945E-06
65.0000,0.249682228,220.4,980.322093,0.980322093,117.0000,1008.3,0.001020073,6.19972091,1,1.02007E-06
65.5556,0.25595645,220.4,980.322093,0.980322093,118.0000,1007.8,0.001020073,6.056760876,1,1.02007E-06
66.1111,0.262368568,220.4,979.7225076,0.979722508,119.0000,1007.2,0.001020697,5.918170801,1,1.0207E-06
66.6667,0.26891858,220.4,979.7225076,0.979722508,120.0000,1006.6,0.001020697,5.783326403,1,1.0207E-06
67.2222,0.275606488,220.4,979.1236553,0.979123655,121.0000,1006.0,0.001021321,5.651603403,1,1.02132E-06
67.7778,0.28243229,220.4,979.1236553,0.979123655,122.0000,1005.4,0.001021321,5.523626081,1,1.02132E-06
68.3333,0.289464935,220.4,978.5255345,0.978525535,123.0000,1004.8,0.001021946,5.399394436,1,1.02195E-06
68.8889,0.296566528,220.4,978.5255345,0.978525535,124.0000,1004.2,0.001021946,5.27765991,1,1.02195E-06
69.4444,0.303806015,220.4,977.9281441,0.977928144,125.0000,1003.6,0.00102257,5.159671062,1,1.02257E-06
70.0000,0.311252345,220.4,977.9281441,0.977928144,126.0000,1003.1,0.00102257,5.044803612,1,1.02257E-06
70.5556,0.318767623,220.4,977.3314826,0.977331483,127.0000,1002.5,0.001023194,4.93243328,1,1.02319E-06
71.1111,0.326489743,220.4,977.3314826,0.977331483,128.0000,1001.9,0.001023194,4.823184347,1,1.02319E-06
71.6667,0.334418705,220.4,976.7355488,0.976735549,129.0000,1001.3,0.001023819,4.717056811,1,1.02382E-06
72.2222,0.342416615,220.4,976.7355488,0.976735549,130.0000,1000.7,0.001023819,4.613426394,1,1.02382E-06
72.7778,0.350621368,220.4,976.1403413,0.976140341,131.0000,1000.1,0.001024443,4.512293096,1,1.02444E-06
73.3333,0.358964015,220.4,975.5458587,0.975545859,132.0000,999.5,0.001025067,4.413656916,1,1.02507E-06
73.8889,0.367513505,220.4,975.5458587,0.975545859,133.0000,998.9,0.001025067,4.318142134,1,1.02507E-06
74.4444,0.37620089,220.4,974.9520998,0.9749521,134.0000,998.3,0.001025691,4.224500191,1,1.02569E-06
75.0000,0.385095118,220.4,974.9520998,0.9749521,135.0000,997.7,0.001025691,4.133355366,1,1.02569E-06
75.5556,0.39412724,220.4,974.3590633,0.974359063,136.0000,997.1,0.001026316,4.04470766,1,1.02632E-06
76.1111,0.403366205,220.4,974.3590633,0.974359063,137.0000,996.5,0.001026316,3.957932793,1,1.02632E-06
76.6667,0.412812013,220.4,973.7667477,0.973766748,138.0000,995.9,0.00102694,3.873655044,1,1.02694E-06
77.2222,0.422395715,220.4,973.7667477,0.973766748,139.0000,995.3,0.00102694,3.791250134,1,1.02694E-06
77.7778,0.43218626,220.4,973.1751519,0.973175152,140.0000,994.7,0.001027564,3.710718063,1,1.02756E-06
78.3333,0.4421147,220.4,972.5842744,0.972584274,141.0000,994.1,0.001028189,3.632683111,1,1.02819E-06
78.8889,0.45231893,220.4,972.5842744,0.972584274,142.0000,993.5,0.001028189,3.555896717,1,1.02819E-06
79.4444,0.462661055,220.4,971.9941141,0.971994114,143.0000,992.9,0.001028813,3.481607443,1,1.02881E-06
80.0000,0.473210023,220.4,971.9941141,0.971994114,144.0000,992.3,0.001028813,3.408566727,1,1.02881E-06
80.5556,0.483965833,220.4,971.4046695,0.971404669,145.0000,991.7,0.001029437,3.33802313,1,1.02944E-06
81.1111,0.494928485,220.4,970.8159394,0.970815939,146.0000,991.1,0.001030061,3.268728092,1,1.03006E-06
81.6667,0.50609798,220.4,970.8159394,0.970815939,147.0000,990.5,0.001030061,3.201305893,1,1.03006E-06
82.2222,0.517474318,220.4,970.2279225,0.970227922,148.0000,989.9,0.001030686,3.135132253,1,1.03069E-06
82.7778,0.529057498,220.4,970.2279225,0.970227922,149.0000,989.3,0.001030686,3.070831452,1,1.03069E-06
83.3333,0.54084752,220.4,969.6406174,0.969640617,150.0000,988.7,0.00103131,3.00840349,1,1.03131E-06
83.8889,0.552913333,220.4,969.054023,0.969054023,151.0000,988.1,0.001031934,2.947224088,1,1.03193E-06
84.4444,0.56511704,220.4,969.054023,0.969054023,152.0000,987.5,0.001031934,2.887293244,1,1.03193E-06
85.0000,0.577596538,220.4,968.4681378,0.968468138,153.0000,986.9,0.001032558,2.829235239,1,1.03256E-06
85.5556,0.590351825,220.4,968.4681378,0.968468138,154.0000,986.3,0.001032558,2.771801514,1,1.03256E-06
86.1111,0.603245008,220.4,967.8829607,0.967882961,155.0000,985.7,0.001033183,2.716240628,1,1.03318E-06
86.6667,0.61641398,220.4,967.2984903,0.96729849,156.0000,985.1,0.001033807,2.661928301,1,1.03381E-06
87.2222,0.629858743,220.4,967.2984903,0.96729849,157.0000,984.5,0.001033807,2.608864533,1,1.03381E-06
87.7778,0.643510348,220.4,966.7147254,0.966714725,158.0000,983.8,0.001034431,2.557049325,1,1.03443E-06
88.3333,0.657437743,220.4,966.7147254,0.966714725,159.0000,983.2,0.001034431,2.506482676,1,1.03443E-06
88.8889,0.67157198,220.4,966.1316647,0.966131665,160.0000,982.6,0.001035056,2.457164586,1,1.03506E-06
89.4444,0.685982008,220.4,965.5493068,0.965549307,161.0000,982.0,0.00103568,2.409095055,1,1.03568E-06
90.0000,0.700667825,220.4,965.5493068,0.965549307,162.1000,981.4,0.00103568,2.361649804,1,1.03568E-06
90.5556,0.715836275,220.4,964.9676506,0.964967651,163.1000,980.8,0.001036304,2.315453112,1,1.0363E-06
91.1111,0.731004725,220.4,964.3866948,0.964386695,164.1000,980.2,0.001036928,2.270504979,1,1.03693E-06
91.6667,0.746173175,220.4,964.3866948,0.964386695,165.1000,979.5,0.001036928,2.226805406,1,1.03693E-06
92.2222,0.7620311,220.4,963.806438,0.963806438,166.1000,978.9,0.001037553,2.183730112,1,1.03755E-06
92.7778,0.777889025,220.4,963.2268791,0.963226879,167.1000,978.3,0.001038177,2.141279098,1,1.03818E-06
93.3333,0.794436425,220.4,963.2268791,0.963226879,168.1000,977.7,0.001038177,2.100700922,1,1.03818E-06
93.8889,0.810983825,220.4,962.6480168,0.962648017,169.1000,977.1,0.001038801,2.060122747,1,1.0388E-06
94.4444,0.827531225,220.4,962.0698498,0.96206985,170.1000,976.4,0.001039426,2.021417411,1,1.03943E-06
95.0000,0.8447681,220.4,962.0698498,0.96206985,171.1000,975.8,0.001039426,1.982712074,1,1.03943E-06
95.5556,0.862004975,220.4,961.492377,0.961492377,172.1000,975.2,0.00104005,1.945255297,1,1.04005E-06
96.1111,0.879931325,220.4,960.9155969,0.960915597,173.1000,974.6,0.001040674,1.908422799,1,1.04067E-06
96.6667,0.897857675,220.4,960.9155969,0.960915597,174.1000,974.0,0.001040674,1.872838861,1,1.04067E-06
97.2222,0.9164735,220.4,960.3395084,0.960339508,175.1000,973.3,0.001041298,1.837879202,1,1.0413E-06
97.7778,0.935089325,220.4,959.7641102,0.95976411,176.1000,972.7,0.001041923,1.803543823,1,1.04192E-06
98.3333,0.95370515,220.4,959.7641102,0.95976411,177.1000,972.1,0.001041923,1.769832724,1,1.04192E-06
98.8889,0.97301045,220.4,959.1894012,0.959189401,178.1000,971.5,0.001042547,1.737370183,1,1.04255E-06
99.4444,0.993005225,220.4,958.61538,0.95861538,179.2000,970.8,0.001043171,1.704907643,1,1.04317E-06
100.0000,1.013,220.4,958.61538,0.95861538,180.2000,970.2,0.001043171,1.673693662,1,1.04317E-06
100.5556,1.032994775,220.4,958.0420455,0.958042045,181.2000,969.6,0.001043796,1.643103961,1,1.0438E-06
101.1111,1.053679025,220.4,957.4693963,0.957469396,182.2000,968.9,0.00104442,1.613138539,1,1.04442E-06
101.6667,1.074363275,220.4,957.4693963,0.957469396,183.2000,968.3,0.00104442,1.583797397,1,1.04442E-06
102.2222,1.095737,220.4,956.8974313,0.956897431,184.2000,967.7,0.001045044,1.555080534,1,1.04504E-06
102.7778,1.117110725,220.4,956.3261493,0.956326149,185.2000,967.0,0.001045668,1.526363672,1,1.04567E-06
103.3333,1.139173925,220.4,955.7555489,0.955755549,186.2000,966.4,0.001046293,1.498895368,1,1.04629E-06
103.8889,1.1619266,220.4,955.7555489,0.955755549,187.2000,965.8,0.001046293,1.472051345,1,1.04629E-06
104.4444,1.1839898,220.4,955.1856291,0.955185629,188.2000,965.1,0.001046917,1.445831601,1,1.04692E-06
105.0000,1.20743195,220.4,954.6163886,0.954616389,189.2000,964.5,0.001047541,1.420236136,1,1.04754E-06
105.5556,1.2308741,220.4,954.6163886,0.954616389,190.3000,963.9,0.001047541,1.394640672,1,1.04754E-06
106.1111,1.25431625,220.4,954.0478261,0.954047826,191.3000,963.2,0.001048165,1.369669487,1,1.04817E-06
106.6667,1.278447875,220.4,953.4799405,0.95347994,192.3000,962.6,0.00104879,1.345946861,1,1.04879E-06
107.2222,1.303268975,220.4,952.9127305,0.952912731,193.3000,961.9,0.001049414,1.322224236,1,1.04941E-06
107.7778,1.328090075,220.4,952.9127305,0.952912731,194.3000,961.3,0.001049414,1.29850161,1,1.04941E-06
108.3333,1.35360065,220.4,952.346195,0.952346195,195.3000,960.6,0.001050038,1.276027544,1,1.05004E-06
108.8889,1.379111225,220.4,951.7803327,0.951780333,196.3000,960.0,0.001050663,1.253553478,1,1.05066E-06
109.4444,1.405311275,220.4,951.2151425,0.951215143,197.3000,959.4,0.001051287,1.231703691,1,1.05129E-06
110.0000,1.4322008,220.4,951.2151425,0.951215143,198.3000,958.7,0.001051287,1.210478184,1,1.05129E-06
110.5556,1.459090325,220.4,950.6506231,0.950650623,199.4000,958.1,0.001051911,1.189876956,1,1.05191E-06
111.1111,1.48597985,220.4,950.0867734,0.950086773,200.4000,957.4,0.001052535,1.169275729,1,1.05254E-06
111.6667,1.514248325,220.4,949.5235922,0.949523592,201.4000,956.8,0.00105316,1.149298781,1,1.05316E-06
112.2222,1.541827325,220.4,949.5235922,0.949523592,202.4000,956.1,0.00105316,1.129321833,1,1.05316E-06
112.7778,1.570785275,220.4,948.9610782,0.948961078,203.4000,955.5,0.001053784,1.109969165,1,1.05378E-06
113.3333,1.599743225,220.4,948.3992303,0.94839923,204.4000,954.8,0.001054408,1.091240776,1,1.05441E-06
113.8889,1.62939065,220.4,947.8380473,0.947838047,205.4000,954.1,0.001055033,1.073136667,1,1.05503E-06
114.4444,1.659038075,220.4,947.8380473,0.947838047,206.4000,953.5,0.001055033,1.055032558,1,1.05503E-06
115.0000,1.689374975,220.4,947.2775281,0.947277528,207.5000,952.8,0.001055657,1.036928449,1,1.05566E-06
115.5556,1.72040135,220.4,946.7176714,0.946717671,208.5000,952.2,0.001056281,1.01944862,1,1.05628E-06
116.1111,1.7521172,220.4,946.1584761,0.946158476,209.5000,951.5,0.001056905,1.00259307,1,1.05691E-06
116.6667,1.78383305,220.4,945.599941,0.945599941,210.5000,950.9,0.00105753,0.985737521,1,1.05753E-06
117.2222,1.8155489,220.4,945.599941,0.945599941,211.5000,950.2,0.00105753,0.96950625,1,1.05753E-06
117.7778,1.8486437,220.4,945.0420649,0.945042065,212.5000,949.5,0.001058154,0.95327498,1,1.05815E-06
118.3333,1.8817385,220.4,944.4848467,0.944484847,213.5000,948.9,0.001058778,0.93766799,1,1.05878E-06
118.8889,1.915522775,220.4,943.9282852,0.943928285,214.6000,948.2,0.001059403,0.922060999,1,1.0594E-06
119.4444,1.94930705,220.4,943.3723793,0.943372379,215.6000,947.5,0.001060027,0.907078288,1,1.06003E-06
120.0000,1.984470275,220.4,943.3723793,0.943372379,216.6000,946.9,0.001060027,0.892095577,1,1.06003E-06
120.5556,2.0196335,220.4,942.8171277,0.942817128,217.6000,946.2,0.001060651,0.877737146,1,1.06065E-06
121.1111,2.0554862,220.4,942.2625294,0.942262529,218.6000,945.5,0.001061275,0.863378715,1,1.06128E-06
121.6667,2.0913389,220.4,941.7085832,0.941708583,219.6000,944.9,0.0010619,0.849644563,1,1.0619E-06
122.2222,2.127881075,220.4,941.1552879,0.941155288,220.7000,944.2,0.001062524,0.835910412,1,1.06252E-06
122.7778,2.165112725,220.4,941.1552879,0.941155288,221.7000,943.5,0.001062524,0.82217626,1,1.06252E-06
123.3333,2.20303385,220.4,940.6026424,0.940602642,222.7000,942.8,0.001063148,0.809066388,1,1.06315E-06
123.8889,2.24164445,220.4,940.0506455,0.940050646,223.7000,942.2,0.001063772,0.795956516,1,1.06377E-06
124.4444,2.28025505,220.4,939.4992962,0.939499296,224.7000,941.5,0.001064397,0.783470924,1,1.0644E-06
125.0000,2.319555125,220.4,938.9485932,0.938948593,225.7000,940.8,0.001065021,0.770985331,1,1.06502E-06
125.5556,2.359544675,220.4,938.3985354,0.938398535,226.8000,940.1,0.001065645,0.758499739,1,1.06565E-06
126.1111,2.4002237,220.4,938.3985354,0.938398535,227.8000,939.5,0.001065645,0.746638426,1,1.06565E-06
126.6667,2.440902725,220.4,937.8491218,0.937849122,228.8000,938.8,0.00106627,0.734777113,1,1.06627E-06
127.2222,2.4829607,220.4,937.3003511,0.937300351,229.8000,938.1,0.001066894,0.72354008,1,1.06689E-06
127.7778,2.525018675,220.4,936.7522222,0.936752222,230.8000,937.4,0.001067518,0.711678767,1,1.06752E-06
128.3333,2.567766125,220.4,936.2047341,0.936204734,231.9000,936.7,0.001068142,0.701066014,1,1.06814E-06
128.8889,2.61120305,220.4,935.6578855,0.935657886,232.9000,936.0,0.001068767,0.68982898,1,1.06877E-06
129.4444,2.65532945,220.4,935.1116754,0.935111675,233.9000,935.3,0.001069391,0.679216227,1,1.06939E-06
130.0000,2.69945585,220.4,935.1116754,0.935111675,234.9000,934.7,0.001069391,0.668603473,1,1.06939E-06
130.5556,2.7449612,220.4,934.5661027,0.934566103,235.9000,934.0,0.001070015,0.658614999,1,1.07002E-06
131.1111,2.79046655,220.4,934.0211662,0.934021166,237.0000,933.3,0.00107064,0.648002246,1,1.07064E-06
131.6667,2.83735085,220.4,933.4768648,0.933476865,238.0000,932.6,0.001071264,0.638638052,1,1.07126E-06
132.2222,2.88423515,220.4,932.9331974,0.932933197,239.0000,931.9,0.001071888,0.628649578,1,1.07189E-06
132.7778,2.931808925,220.4,932.390163,0.932390163,240.0000,931.2,0.001072512,0.618973244,1,1.07251E-06
133.3333,2.980072175,220.4,931.8477603,0.93184776,241.0000,930.5,0.001073137,0.609546621,1,1.07314E-06
133.8889,3.0290249,220.4,931.3059884,0.931305988,242.1000,929.8,0.001073761,0.600307283,1,1.07376E-06
134.4444,3.0786671,220.4,931.3059884,0.931305988,243.1000,929.1,0.001073761,0.591255228,1,1.07376E-06
135.0000,3.128998775,220.4,930.764846,0.930764846,244.1000,928.4,0.001074385,0.58232803,1,1.07439E-06
135.5556,3.17933045,220.4,930.2243322,0.930224332,245.1000,927.7,0.00107501,0.573588115,1,1.07501E-06
136.1111,3.231041075,220.4,929.6844457,0.929684446,246.2000,927.0,0.001075634,0.565035484,1,1.07563E-06
136.6667,3.283441175,220.4,929.1451856,0.929145186,247.2000,926.3,0.001076258,0.556545282,1,1.07626E-06
137.2222,3.33653075,220.4,928.6065507,0.928606551,248.2000,925.6,0.001076882,0.548304791,1,1.07688E-06
137.7778,3.3903098,220.4,928.06854,0.92806854,249.2000,924.9,0.001077507,0.540126728,1,1.07751E-06
138.3333,3.44408885,220.4,927.5311523,0.927531152,250.3000,924.2,0.001078131,0.532135948,1,1.07813E-06
138.8889,3.49924685,220.4,926.9943866,0.926994387,251.3000,923.4,0.001078755,0.524270025,1,1.07876E-06
139.4444,3.555094325,220.4,926.4582418,0.926458242,252.3000,922.7,0.001079379,0.516591386,1,1.07938E-06
140.0000,3.611631275,220.4,925.9227168,0.925922717,253.3000,922.0,0.001080004,0.508975174,1,1.08E-06
140.5556,3.6688577,220.4,925.9227168,0.925922717,254.4000,921.3,0.001080004,0.501546247,1,1.08E-06
141.1111,3.726084125,220.4,925.3878105,0.925387811,255.4000,920.6,0.001080628,0.494242175,1,1.08063E-06
141.6667,3.7846895,220.4,924.8535219,0.924853522,256.4000,919.9,0.001081252,0.48706296,1,1.08125E-06
142.2222,3.844673825,220.4,924.31985,0.92431985,257.4000,919.1,0.001081877,0.479946172,1,1.08188E-06
142.7778,3.90465815,220.4,923.7867935,0.923786794,258.5000,918.4,0.001082501,0.473016668,1,1.0825E-06
143.3333,3.96533195,220.4,923.2543516,0.923254352,259.5000,917.7,0.001083125,0.46621202,1,1.08313E-06
143.8889,4.026695225,220.4,922.722523,0.922722523,260.5000,917.0,0.001083749,0.459469801,1,1.08375E-06
144.4444,4.08943745,220.4,922.1913069,0.922191307,261.5000,916.2,0.001084374,0.452914865,1,1.08437E-06
145.0000,4.152179675,220.4,921.660702,0.921660702,262.6000,915.5,0.001084998,0.446422357,1,1.085E-06
145.5556,4.21630085,220.4,921.1307073,0.921130707,263.6000,914.8,0.001085622,0.440054704,1,1.08562E-06
146.1111,4.2811115,220.4,920.6013218,0.920601322,264.6000,914.1,0.001086247,0.433811908,1,1.08625E-06
146.6667,4.346611625,220.4,920.0725445,0.920072545,265.7000,913.3,0.001086871,0.42763154,1,1.08687E-06
147.2222,4.412801225,220.4,919.5443743,0.919544374,266.7000,912.6,0.001087495,0.421576028,1,1.0875E-06
147.7778,4.4796803,220.4,919.0168101,0.91901681,267.7000,911.8,0.001088119,0.415645371,1,1.08812E-06
148.3333,4.547938325,220.4,918.4898509,0.918489851,268.8000,911.1,0.001088744,0.409839571,1,1.08874E-06
148.8889,4.616885825,220.4,917.9634957,0.917963496,269.8000,910.4,0.001089368,0.404096198,1,1.08937E-06
149.4444,4.6865228,220.4,917.4377434,0.917437743,270.8000,909.6,0.001089992,0.398415254,1,1.08999E-06
150.0000,4.75684925,220.4,916.912593,0.916912593,271.8000,908.9,0.001090616,0.392859165,1,1.09062E-06
150.5556,4.827865175,220.4,916.3880435,0.916388043,272.9000,908.1,0.001091241,0.387365504,1,1.09124E-06
151.1111,4.90026005,220.4,915.8640938,0.915864094,273.9000,907.4,0.001091865,0.3819967,1,1.09187E-06
151.6667,4.9733444,220.4,915.3407429,0.915340743,274.9000,906.7,0.001092489,0.376752751,1,1.09249E-06
152.2222,5.047118225,220.4,914.8179897,0.91481799,276.0000,905.9,0.001093114,0.37157123,1,1.09311E-06
152.7778,5.121581525,220.4,914.2958333,0.914295833,277.0000,905.2,0.001093738,0.366452137,1,1.09374E-06
153.3333,5.197423775,220.4,913.7742727,0.913774273,278.0000,904.4,0.001094362,0.361395472,1,1.09436E-06
153.8889,5.2739555,220.4,913.2533067,0.913253307,279.1000,903.6,0.001094986,0.356463663,1,1.09499E-06
154.4444,5.3511767,220.4,912.7329345,0.912732934,280.1000,902.9,0.001095611,0.351594282,1,1.09561E-06
155.0000,5.429087375,220.4,912.2131549,0.912213155,281.1000,902.1,0.001096235,0.346787329,1,1.09624E-06
155.5556,5.508377,220.4,911.693967,0.911693967,282.2000,901.4,0.001096859,0.342105232,1,1.09686E-06
156.1111,5.589045575,220.4,911.1753697,0.91117537,283.2000,900.6,0.001097484,0.337485563,1,1.09748E-06
156.6667,5.66971415,220.4,910.6573621,0.910657362,284.3000,899.8,0.001098108,0.332928322,1,1.09811E-06
157.2222,5.751761675,220.4,910.1399432,0.910139943,285.3000,899.1,0.001098732,0.328433508,1,1.09873E-06
157.7778,5.834498675,220.4,909.6231119,0.909623112,286.3000,898.3,0.001099356,0.324063551,1,1.09936E-06
158.3333,5.918614625,220.4,909.1068672,0.909106867,287.4000,897.5,0.001099981,0.319693594,1,1.09998E-06
158.8889,6.00342005,220.4,908.5912082,0.908591208,288.4000,896.8,0.001100605,0.315448492,1,1.1006E-06
159.4444,6.089604425,220.4,908.0761338,0.908076134,289.4000,896.0,0.001101229,0.311203391,1,1.10123E-06
160.0000,6.1757888,220.4,907.5616431,0.907561643,290.5000,895.2,0.001101854,0.307083145,1,1.10185E-06
160.5556,6.2640416,220.4,907.047735,0.907047735,291.5000,894.5,0.001102478,0.303025328,1,1.10248E-06
161.1111,6.3522944,220.4,906.5344086,0.906534409,292.6000,893.7,0.001103102,0.299029938,1,1.1031E-06
161.6667,6.442615625,220.4,906.0216629,0.906021663,293.6000,892.9,0.001103726,0.295096977,1,1.10373E-06
162.2222,6.53293685,220.4,905.5094969,0.905509497,294.6000,892.1,0.001104351,0.291226443,1,1.10435E-06
162.7778,6.624637025,220.4,904.9979096,0.90499791,295.7000,891.3,0.001104975,0.287355909,1,1.10497E-06
163.3333,6.71771615,220.4,903.9764673,0.903976467,296.7000,890.6,0.001106223,0.283610232,1,1.10622E-06
163.8889,6.81148475,220.4,903.4666103,0.90346661,297.8000,889.8,0.001106848,0.279926982,1,1.10685E-06
164.4444,6.90801125,220.4,902.9573281,0.902957328,298.8000,889.0,0.001107472,0.27630616,1,1.10747E-06
165.0000,7.00453775,220.4,902.4486197,0.90244862,299.8000,888.2,0.001108096,0.272685338,1,1.1081E-06
165.5556,7.10106425,220.4,901.9404842,0.901940484,300.9000,887.4,0.001108721,0.269189372,1,1.10872E-06
166.1111,7.19759075,220.4,901.4329207,0.901432921,301.9000,886.6,0.001109345,0.265693406,1,1.10934E-06
166.6667,7.29411725,220.4,900.925928,0.900925928,303.0000,885.8,0.001109969,0.262259869,1,1.10997E-06
167.2222,7.3975385,220.4,900.4195053,0.900419505,304.0000,885.0,0.001110593,0.258888759,1,1.11059E-06
167.7778,7.50095975,220.4,899.9136517,0.899913652,305.1000,884.2,0.001111218,0.255580077,1,1.11122E-06
168.3333,7.59748625,220.4,899.4083661,0.899408366,306.1000,883.4,0.001111842,0.252333823,1,1.11184E-06
168.8889,7.7009075,220.4,898.3994952,0.898399495,307.1000,882.6,0.001113091,0.249087569,1,1.11309E-06
169.4444,7.8112235,220.4,897.8959081,0.897895908,308.2000,881.8,0.001113715,0.24596617,1,1.11371E-06
170.0000,7.91464475,220.4,897.3928852,0.897392885,309.2000,881.0,0.001114339,0.242844772,1,1.11434E-06
170.5556,8.018066,220.4,896.8904255,0.896890426,310.3000,880.2,0.001114963,0.239785802,1,1.11496E-06
171.1111,8.128382,220.4,896.3885283,0.896388528,311.3000,879.4,0.001115588,0.236726832,1,1.11559E-06
171.6667,8.238698,220.4,895.8871924,0.895887192,312.4000,878.6,0.001116212,0.23373029,1,1.11621E-06
172.2222,8.349014,220.4,895.386417,0.895386417,313.4000,877.7,0.001116836,0.230796176,1,1.11684E-06
172.7778,8.45933,220.4,894.8862011,0.894886201,314.5000,876.9,0.001117461,0.227924489,1,1.11746E-06
173.3333,8.569646,220.4,893.8874442,0.893887444,315.5000,876.1,0.001118709,0.225052803,1,1.11871E-06
173.8889,8.68685675,220.4,893.3889013,0.893388901,316.6000,875.3,0.001119333,0.222305973,1,1.11933E-06
174.4444,8.8040675,220.4,892.8909142,0.892890914,317.6000,874.5,0.001119958,0.219496715,1,1.11996E-06
175.0000,8.9143835,220.4,892.3934819,0.892393482,318.7000,873.6,0.001120582,0.216812312,1,1.12058E-06
175.5556,9.03159425,220.4,891.8966036,0.891896604,319.7000,872.8,0.001121206,0.21412791,1,1.12121E-06
176.1111,9.15569975,220.4,891.4002782,0.891400278,320.8000,872.0,0.00112183,0.211443507,1,1.12183E-06
176.6667,9.2729105,220.4,890.4092829,0.890409283,321.8000,871.1,0.001123079,0.208883961,1,1.12308E-06
177.2222,9.397016,220.4,889.9146111,0.889914611,322.9000,870.3,0.001123703,0.206324415,1,1.1237E-06
177.7778,9.51422675,220.4,889.4204886,0.889420489,323.9000,869.5,0.001124328,0.203764868,1,1.12433E-06
178.3333,9.63833225,220.4,888.9269145,0.888926915,325.0000,868.6,0.001124952,0.20126775,1,1.12495E-06
178.8889,9.76243775,220.4,888.433888,0.888433888,326.0000,867.8,0.001125576,0.198833059,1,1.12558E-06
179.4444,9.893438,220.4,887.4494737,0.887449474,327.1000,866.9,0.001126825,0.196398369,1,1.12682E-06
180.0000,10.0175435,220.4,886.9580842,0.886958084,328.1000,866.1,0.001127449,0.194026106,1,1.12745E-06
180.5556,10.14854375,220.4,886.4672385,0.886467239,329.2000,865.3,0.001128073,0.191653843,1,1.12807E-06
181.1111,10.279544,220.4,885.9769358,0.885976936,330.2000,864.4,0.001128698,0.189344009,1,1.1287E-06
181.6667,10.41054425,220.4,885.4871752,0.885487175,331.3000,863.6,0.001129322,0.187096602,1,1.12932E-06
182.2222,10.5415445,220.4,884.5092766,0.884509277,332.4000,862.7,0.00113057,0.184849196,1,1.13057E-06
182.7778,10.67254475,220.4,884.0211369,0.884021137,333.4000,861.8,0.001131195,0.182601789,1,1.13119E-06
183.3333,10.81043975,220.4,883.5335356,0.883533536,334.5000,861.0,0.001131819,0.18041681,1,1.13182E-06
183.8889,10.94833475,220.4,883.0464719,0.883046472,335.5000,860.1,0.001132443,0.17829426,1,1.13244E-06
184.4444,11.08622975,220.4,882.0739537,0.882073954,336.6000,859.3,0.001133692,0.176171709,1,1.13369E-06
185.0000,11.22412475,220.4,881.5884975,0.881588498,337.6000,858.4,0.001134316,0.174049158,1,1.13432E-06
185.5556,11.36201975,220.4,881.1035754,0.881103575,338.7000,857.5,0.00113494,0.171989035,1,1.13494E-06
186.1111,11.5068095,220.4,880.6191864,0.880619186,339.8000,856.7,0.001135565,0.169991341,1,1.13556E-06
186.6667,11.65159925,220.4,879.6520044,0.879652004,340.8000,855.8,0.001136813,0.167931218,1,1.13681E-06
187.2222,11.796389,220.4,879.1692097,0.87916921,341.9000,854.9,0.001137437,0.165995951,1,1.13744E-06
187.7778,11.94117875,220.4,878.6869446,0.878686945,343.0000,854.0,0.001138062,0.164060684,1,1.13806E-06
188.3333,12.09286325,220.4,878.2052083,0.878205208,344.0000,853.2,0.001138686,0.162125417,1,1.13869E-06
188.8889,12.237653,220.4,877.2433187,0.877243319,345.1000,852.3,0.001139935,0.160190151,1,1.13993E-06
189.4444,12.3893375,220.4,876.7631637,0.876763164,346.1000,851.4,0.001140559,0.158317312,1,1.14056E-06
190.0000,12.541022,220.4,876.2835339,0.876283534,347.2000,850.5,0.001141183,0.156506901,1,1.14118E-06
190.5556,12.6927065,220.4,875.325847,0.875325847,348.3000,849.6,0.001142432,0.15469649,1,1.14243E-06
191.1111,12.85128575,220.4,874.8477881,0.874847788,349.3000,848.7,0.001143056,0.152886079,1,1.14306E-06
191.6667,13.00297025,220.4,874.3702511,0.874370251,350.4000,847.8,0.00114368,0.151138096,1,1.14368E-06
192.2222,13.1615495,220.4,873.8932351,0.873893235,351.5000,846.9,0.001144305,0.149390113,1,1.1443E-06
192.7778,13.32012875,220.4,872.9407629,0.872940763,352.5000,846.0,0.001145553,0.14764213,1,1.14555E-06
193.3333,13.48560275,220.4,872.465305,0.872465305,353.6000,845.1,0.001146177,0.145956575,1,1.14618E-06
193.8889,13.644182,220.4,871.9903647,0.871990365,354.7000,844.2,0.001146802,0.14427102,1,1.1468E-06
194.4444,13.809656,220.4,871.0420337,0.871042034,355.7000,843.3,0.00114805,0.142647893,1,1.14805E-06
195.0000,13.97513,220.4,870.5686413,0.870568641,356.8000,842.4,0.001148675,0.141024766,1,1.14867E-06
195.5556,14.140604,220.4,870.0957632,0.870095763,357.9000,841.5,0.001149299,0.139401639,1,1.1493E-06
196.1111,14.31297275,220.4,869.1515464,0.869151546,358.9000,840.6,0.001150547,0.13784094,1,1.15055E-06
196.6667,14.47844675,220.4,868.6802061,0.868680206,360.0000,839.7,0.001151172,0.136280241,1,1.15117E-06
197.2222,14.6508155,220.4,867.7390574,0.867739057,361.1000,838.7,0.00115242,0.134719542,1,1.15242E-06
197.7778,14.830079,220.4,867.2692474,0.867269247,362.2000,837.8,0.001153044,0.133221271,1,1.15304E-06
198.3333,15.00244775,220.4,866.7999459,0.866799946,363.2000,836.9,0.001153669,0.131723,1,1.15367E-06
198.8889,15.1748165,220.4,865.8628649,0.865862865,364.3000,836.0,0.001154917,0.130224729,1,1.15492E-06
199.4444,15.35408,220.4,865.3950837,0.865395084,365.4000,835.0,0.001155542,0.128788886,1,1.15554E-06
200.0000,15.5333435,220.4,864.9278078,0.864927808,366.5000,834.1,0.001156166,0.127290615,1,1.15617E-06
200.5556,15.71950175,220.4,863.9947681,0.863994768,367.5000,833.2,0.001157414,0.125917199,1,1.15741E-06
201.1111,15.89876525,220.4,863.5290027,0.863529003,368.6000,832.2,0.001158039,0.124481356,1,1.15804E-06
201.6667,16.0849235,220.4,862.5989768,0.862598977,369.7000,831.3,0.001159287,0.123107941,1,1.15929E-06
202.2222,16.27108175,220.4,862.1347147,0.862134715,370.8000,830.4,0.001159912,0.121734526,1,1.15991E-06
202.7778,16.45724,220.4,861.6709521,0.861670952,371.8000,829.4,0.001160536,0.120423539,1,1.16054E-06
203.3333,16.650293,220.4,860.7449221,0.860744922,372.9000,828.5,0.001161784,0.119050124,1,1.16178E-06
203.8889,16.843346,220.4,860.2826531,0.860282653,374.0000,827.5,0.001162409,0.117739136,1,1.16241E-06
204.4444,17.036399,220.4,859.359603,0.859359603,375.1000,826.6,0.001163657,0.116428149,1,1.16366E-06
205.0000,17.229452,220.4,858.8988204,0.85889882,376.2000,825.6,0.001164281,0.11517959,1,1.16428E-06
205.5556,17.422505,220.4,857.9787359,0.857978736,377.2000,824.6,0.00116553,0.113931031,1,1.16553E-06
206.1111,17.62245275,220.4,857.5194325,0.857519433,378.3000,823.7,0.001166154,0.112682471,1,1.16615E-06
206.6667,17.8224005,220.4,857.0606207,0.857060621,379.4000,822.7,0.001166779,0.111433912,1,1.16678E-06
207.2222,18.02234825,220.4,856.1444682,0.856144468,380.5000,821.8,0.001168027,0.110247781,1,1.16803E-06
207.7778,18.22919075,220.4,855.6871261,0.855687126,381.6000,820.8,0.001168651,0.108999222,1,1.16865E-06
208.3333,18.43603325,220.4,854.7739061,0.854773906,382.7000,819.8,0.0011699,0.10781309,1,1.1699E-06
208.8889,18.64287575,220.4,854.3180267,0.854318027,383.8000,818.8,0.001170524,0.106689387,1,1.17052E-06
209.4444,18.84971825,220.4,853.4077251,0.853407725,384.8000,817.9,0.001171773,0.105503256,1,1.17177E-06
210.0000,19.0634555,220.4,852.9533014,0.852953301,385.9000,816.9,0.001172397,0.104379553,1,1.1724E-06
210.5556,19.27719275,220.4,852.0459043,0.852045904,387.0000,815.9,0.001173646,0.103255849,1,1.17365E-06
211.1111,19.49093,220.4,851.5929293,0.851592929,388.1000,814.9,0.00117427,0.102132146,1,1.17427E-06
211.6667,19.70466725,220.4,850.6884227,0.850688423,389.2000,813.9,0.001175519,0.101070871,1,1.17552E-06
212.2222,19.92529925,220.4,850.2368896,0.85023689,390.3000,812.9,0.001176143,0.099947167,1,1.17614E-06
212.7778,20.14593125,220.4,849.3352598,0.84933526,391.4000,811.9,0.001177391,0.098885892,1,1.17739E-06
213.3333,20.36656325,220.4,848.8851616,0.848885162,392.5000,810.9,0.001178016,0.097824617,1,1.17802E-06
213.8889,20.58719525,220.4,847.9863949,0.847986395,393.6000,809.9,0.001179264,0.096825769,1,1.17926E-06
214.4444,20.814722,220.4,847.5377249,0.847537725,394.7000,808.9,0.001179888,0.095764494,1,1.17989E-06
215.0000,21.04224875,220.4,846.6418076,0.846641808,395.7000,807.9,0.001181137,0.094765646,1,1.18114E-06
215.5556,21.2697755,220.4,845.7477825,0.845747782,396.8000,806.9,0.001182386,0.093766799,1,1.18239E-06
216.1111,21.504197,220.4,845.3014776,0.845301478,397.9000,805.9,0.00118301,0.092767952,1,1.18301E-06
216.6667,21.7386185,220.4,844.4102794,0.844410279,399.0000,804.9,0.001184258,0.091769104,1,1.18426E-06
217.2222,21.97304,220.4,843.9653846,0.843965385,400.1000,803.8,0.001184883,0.090832685,1,1.18488E-06
217.7778,22.2074615,220.4,843.077,0.843077,401.2000,802.8,0.001186131,0.089833837,1,1.18613E-06
218.3333,22.44877775,220.4,842.6335087,0.842633509,402.3000,801.8,0.001186756,0.088897418,1,1.18676E-06
218.8889,22.690094,220.4,841.7479243,0.841747924,403.4000,800.8,0.001188004,0.087960999,1,1.188E-06
219.4444,22.93141025,220.4,840.8641995,0.840864199,404.5000,799.7,0.001189253,0.087087007,1,1.18925E-06
220.0000,23.17962125,220.4,840.4230325,0.840423033,405.6000,798.7,0.001189877,0.086150588,1,1.18988E-06
220.5556,23.42783225,220.4,839.542086,0.839542086,406.7000,797.7,0.001191126,0.085276596,1,1.19113E-06
221.1111,23.67604325,220.4,839.1023049,0.839102305,407.8000,796.6,0.00119175,0.084402605,1,1.19175E-06
221.6667,23.92425425,220.4,838.2241235,0.838224123,408.9000,795.6,0.001192998,0.083466185,1,1.193E-06
222.2222,24.17936,220.4,837.3477784,0.837347778,410.1000,794.5,0.001194247,0.082654622,1,1.19425E-06
222.7778,24.43446575,220.4,836.9102926,0.836910293,411.2000,793.5,0.001194871,0.08178063,1,1.19487E-06
223.3333,24.6895715,220.4,836.036691,0.836036691,412.3000,792.4,0.00119612,0.080906639,1,1.19612E-06
223.8889,24.951572,220.4,835.1649114,0.835164911,413.4000,791.4,0.001197368,0.080095075,1,1.19737E-06
224.4444,25.2135725,220.4,834.729703,0.834729703,414.5000,790.3,0.001197993,0.079283512,1,1.19799E-06
225.0000,25.475573,220.4,833.8606455,0.833860645,415.6000,789.2,0.001199241,0.078471948,1,1.19924E-06
225.5556,25.74446825,220.4,832.9933957,0.832993396,416.7000,788.2,0.00120049,0.077660385,1,1.20049E-06
226.1111,26.0133635,220.4,832.560447,0.832560447,417.8000,787.1,0.001201114,0.076848821,1,1.20111E-06
226.6667,26.28225875,220.4,831.6958982,0.831695898,418.9000,786.0,0.001202363,0.076099686,1,1.20236E-06
227.2222,26.55804875,220.4,830.8331432,0.830833143,420.0000,784.9,0.001203611,0.075288122,1,1.20361E-06
227.7778,26.826944,220.4,830.4024365,0.830402436,421.2000,783.8,0.001204235,0.074538987,1,1.20424E-06
228.3333,27.10962875,220.4,829.5423615,0.829542361,422.3000,782.8,0.001205484,0.073789851,1,1.20548E-06
228.8889,27.38541875,220.4,828.6840662,0.828684066,423.4000,781.7,0.001206733,0.073040716,1,1.20673E-06
229.4444,27.6681035,220.4,827.8275452,0.827827545,424.5000,780.6,0.001207981,0.07229158,1,1.20798E-06
230.0000,27.95078825,220.4,827.3999483,0.827399948,425.6000,779.5,0.001208605,0.071542444,1,1.20861E-06
230.5556,28.233473,220.4,826.5460784,0.826546078,426.7000,778.4,0.001209854,0.070855737,1,1.20985E-06
231.1111,28.5230525,220.4,825.6939691,0.825693969,427.9000,777.3,0.001211102,0.070106601,1,1.2111E-06
231.6667,28.812632,220.4,824.8436148,0.824843615,429.0000,776.2,0.001212351,0.069419894,1,1.21235E-06
232.2222,29.10910625,220.4,824.4190942,0.824419094,430.1000,775.1,0.001212975,0.068733186,1,1.21298E-06
232.7778,29.39868575,220.4,823.5713625,0.823571362,431.2000,773.9,0.001214224,0.068046479,1,1.21422E-06
233.3333,29.69516,220.4,822.7253724,0.822725372,432.4000,772.8,0.001215472,0.067359771,1,1.21547E-06
233.8889,29.998529,220.4,821.8811185,0.821881119,433.5000,771.7,0.001216721,0.066673063,1,1.21672E-06
234.4444,30.301898,220.4,821.0385956,0.821038596,434.6000,770.6,0.00121797,0.065986356,1,1.21797E-06
235.0000,30.605267,220.4,820.6179816,0.820617982,435.7000,769.5,0.001218594,0.065362076,1,1.21859E-06
235.5556,30.908636,220.4,819.778045,0.819778045,436.9000,768.3,0.001219842,0.064675369,1,1.21984E-06
236.1111,31.21889975,220.4,818.9398262,0.818939826,438.0000,767.2,0.001221091,0.064051089,1,1.22109E-06
236.6667,31.5291635,220.4,818.1033197,0.81810332,439.1000,766.0,0.001222339,0.063426809,1,1.22234E-06
237.2222,31.846322,220.4,817.2685204,0.81726852,440.3000,764.9,0.001223588,0.06280253,1,1.22359E-06
237.7778,32.15658575,220.4,816.435423,0.816435423,441.4000,763.8,0.001224837,0.062159522,1,1.22484E-06
238.3333,32.47374425,220.4,816.019511,0.816019511,442.5000,762.6,0.001225461,0.061541485,1,1.22546E-06
238.8889,32.7977975,220.4,815.1889567,0.815188957,443.7000,761.4,0.001226709,0.060935934,1,1.22671E-06
239.4444,33.12185075,220.4,814.3600915,0.814360092,444.8000,760.3,0.001227958,0.060336625,1,1.22796E-06
240.0000,33.445904,220.4,813.5329101,0.81353291,445.9000,759.1,0.001229207,0.05974356,1,1.22921E-06
240.5556,33.776852,220.4,812.7074074,0.812707407,447.1000,758.0,0.001230455,0.059156737,1,1.23046E-06
241.1111,34.1078,220.4,811.8835783,0.811883578,448.2000,756.8,0.001231704,0.058576157,1,1.2317E-06
241.6667,34.438748,220.4,811.0614177,0.811061418,449.3000,755.6,0.001232952,0.05800182,1,1.23295E-06
242.2222,34.769696,220.4,810.2409206,0.810240921,450.5000,754.4,0.001234201,0.057433725,1,1.2342E-06
242.7778,35.10753875,220.4,809.4220819,0.809422082,451.6000,753.3,0.001235449,0.056871873,1,1.23545E-06
243.3333,35.45227625,220.4,808.6048965,0.808604897,452.8000,752.1,0.001236698,0.056316265,1,1.2367E-06
243.8889,35.79701375,220.4,807.7893596,0.80778936,453.9000,750.9,0.001237946,0.055766898,1,1.23795E-06
244.4444,36.14175125,220.4,807.3822077,0.807382208,455.1000,749.7,0.001238571,0.055223775,1,1.23857E-06
245.0000,36.48648875,220.4,806.5691339,0.806569134,456.2000,748.5,0.001239819,0.054686895,1,1.23982E-06
245.5556,36.838121,220.4,805.7576962,0.805757696,457.4000,747.3,0.001241068,0.054156257,1,1.24107E-06
246.1111,37.18975325,220.4,804.9478894,0.804947889,458.5000,746.1,0.001242316,0.053631862,1,1.24232E-06
246.6667,37.54828025,220.4,804.1397088,0.804139709,459.7000,744.9,0.001243565,0.053107467,1,1.24357E-06
247.2222,37.90680725,220.4,803.3331494,0.803333149,460.8000,743.6,0.001244814,0.052595558,1,1.24481E-06
247.7778,38.26533425,220.4,802.5282064,0.802528206,462.0000,742.4,0.001246062,0.052089892,1,1.24606E-06
248.3333,38.630756,220.4,801.7248749,0.801724875,463.1000,741.2,0.001247311,0.051584225,1,1.24731E-06
248.8889,38.99617775,220.4,800.5228886,0.800522889,464.3000,740.0,0.001249184,0.051091044,1,1.24918E-06
249.4444,39.3615995,220.4,799.7235647,0.799723565,465.4000,738.7,0.001250432,0.050597863,1,1.25043E-06
250.0000,39.733916,220.4,798.9258354,0.798925835,466.6000,737.5,0.001251681,0.050110925,1,1.25168E-06
250.5556,40.11312725,220.4,798.1296961,0.798129696,467.8000,736.3,0.001252929,0.04963023,1,1.25293E-06
251.1111,40.48544375,220.4,797.3351419,0.797335142,468.9000,735.0,0.001254178,0.049155777,1,1.25418E-06
251.6667,40.864655,220.4,796.5421681,0.796542168,470.1000,733.8,0.001255426,0.048681325,1,1.25543E-06
252.2222,41.250761,220.4,795.75077,0.79575077,471.3000,732.5,0.001256675,0.048219358,1,1.25667E-06
252.7778,41.636867,220.4,794.9609429,0.794960943,472.4000,731.3,0.001257923,0.047757391,1,1.25792E-06
253.3333,42.022973,220.4,794.1726822,0.794172682,473.6000,730.0,0.001259172,0.047301667,1,1.25917E-06
253.8889,42.409079,220.4,793.3859832,0.793385983,474.8000,728.7,0.001260421,0.046852186,1,1.26042E-06
254.4444,42.80207975,220.4,792.2088526,0.792208853,475.9000,727.5,0.001262293,0.046402704,1,1.26229E-06
255.0000,43.20197525,220.4,791.4260375,0.791426038,477.1000,726.2,0.001263542,0.045959466,1,1.26354E-06
255.5556,43.60187075,220.4,790.644768,0.790644768,478.3000,724.9,0.001264791,0.04552247,1,1.26479E-06
256.1111,44.00176625,220.4,789.8650394,0.789865039,479.4000,723.6,0.001266039,0.045091717,1,1.26604E-06
256.6667,44.4085565,220.4,789.0868473,0.789086847,480.6000,722.3,0.001267288,0.044667207,1,1.26729E-06
257.2222,44.81534675,220.4,788.310187,0.788310187,481.8000,721.0,0.001268536,0.044242697,1,1.26854E-06
257.7778,45.222137,220.4,787.148059,0.787148059,483.0000,719.7,0.001270409,0.043824429,1,1.27041E-06
258.3333,45.635822,220.4,786.3752086,0.786375209,484.1000,718.4,0.001271658,0.043412405,1,1.27166E-06
258.8889,46.05640175,220.4,785.6038744,0.785603874,485.3000,717.1,0.001272906,0.04300038,1,1.27291E-06
259.4444,46.47008675,220.4,784.8340519,0.784834052,486.5000,715.8,0.001274155,0.042594598,1,1.27415E-06
260.0000,46.8906665,220.4,783.6821429,0.783682143,487.7000,714.5,0.001276028,0.04219506,1,1.27603E-06
260.5556,47.318141,220.4,782.9160802,0.78291608,488.9000,713.1,0.001277276,0.041795521,1,1.27728E-06
261.1111,47.7456155,220.4,782.1515137,0.782151514,490.1000,711.8,0.001278525,0.041402224,1,1.27852E-06
261.6667,48.17998475,220.4,781.388439,0.781388439,491.3000,710.5,0.001279773,0.041015171,1,1.27977E-06
262.2222,48.60745925,220.4,780.2466147,0.780246615,492.4000,709.1,0.001281646,0.040628118,1,1.28165E-06
262.7778,49.04872325,220.4,779.4872506,0.779487251,493.6000,707.8,0.001282895,0.040247307,1,1.28289E-06
263.3333,49.4830925,220.4,778.7293632,0.778729363,494.8000,706.5,0.001284143,0.039872739,1,1.28414E-06
263.8889,49.93125125,220.4,777.5952913,0.777595291,496.0000,705.1,0.001286016,0.039498172,1,1.28602E-06
264.4444,50.37251525,220.4,776.8410766,0.776841077,497.2000,703.7,0.001287265,0.039129847,1,1.28726E-06
265.0000,50.820674,220.4,775.7124939,0.775712494,498.4000,702.4,0.001289137,0.038761522,1,1.28914E-06
265.5556,51.2757275,220.4,774.9619255,0.774961925,499.6000,701.0,0.001290386,0.038399439,1,1.29039E-06
266.1111,51.730781,220.4,774.2128081,0.774212808,500.8000,699.6,0.001291635,0.0380436,1,1.29163E-06
266.6667,52.1858345,220.4,773.0918436,0.773091844,502.0000,698.2,0.001293507,0.037687761,1,1.29351E-06
267.2222,52.64778275,220.4,772.3463356,0.772346336,503.2000,696.9,0.001294756,0.037338164,1,1.29476E-06
267.7778,53.109731,220.4,771.2307655,0.771230766,504.4000,695.5,0.001296629,0.036988568,1,1.29663E-06
268.3333,53.578574,220.4,770.4888408,0.770488841,505.6000,694.1,0.001297877,0.036645214,1,1.29788E-06
268.8889,54.047417,220.4,769.3786263,0.769378626,506.8000,692.7,0.00129975,0.036308103,1,1.29975E-06
269.4444,54.52315475,220.4,768.6402591,0.768640259,508.1000,691.3,0.001300999,0.035970992,1,1.301E-06
270.0000,54.9988925,220.4,767.5353618,0.767535362,509.3000,689.8,0.001302872,0.035633881,1,1.30287E-06
270.5556,55.47463025,220.4,766.8005266,0.766800527,510.5000,688.4,0.00130412,0.035303013,1,1.30412E-06
271.1111,55.95726275,220.4,765.7009082,0.765700908,511.7000,687.0,0.001305993,0.034978387,1,1.30599E-06
271.6667,56.44679,220.4,764.9695798,0.76496958,512.9000,685.6,0.001307242,0.034653762,1,1.30724E-06
272.2222,56.93631725,220.4,763.8752027,0.763875203,514.1000,684.1,0.001309114,0.034335379,1,1.30911E-06
272.7778,57.4258445,220.4,763.1473559,0.763147356,515.4000,682.7,0.001310363,0.034016997,1,1.31036E-06
273.3333,57.9222665,220.4,762.0581827,0.762058183,516.6000,681.3,0.001312236,0.033704857,1,1.31224E-06
273.8889,58.42558325,220.4,760.972114,0.760972114,517.8000,679.8,0.001314109,0.033392717,1,1.31411E-06
274.4444,58.92200525,220.4,760.2497864,0.760249786,519.0000,678.3,0.001315357,0.03308682,1,1.31536E-06
275.0000,59.43221675,220.4,759.1688626,0.759168863,520.3000,676.9,0.00131723,0.032780923,1,1.31723E-06
275.5556,59.94242825,220.4,758.4499527,0.758449953,521.5000,675.4,0.001318479,0.032475026,1,1.31848E-06
276.1111,60.45263975,220.4,757.3741371,0.757374137,522.7000,673.9,0.001320351,0.032175372,1,1.32035E-06
276.6667,60.969746,220.4,756.3013692,0.756301369,524.0000,672.4,0.001322224,0.03188196,1,1.32222E-06
277.2222,61.48685225,220.4,755.231636,0.755231636,525.2000,671.0,0.001324097,0.031588549,1,1.3241E-06
277.7778,62.01085325,220.4,754.5201602,0.75452016,526.4000,669.5,0.001325346,0.031295137,1,1.32535E-06
278.3333,62.53485425,220.4,753.4554563,0.753455456,527.7000,668.0,0.001327218,0.031007969,1,1.32722E-06
278.8889,63.06575,220.4,752.3937529,0.752393753,528.9000,666.4,0.001329091,0.030727043,1,1.32909E-06
279.4444,63.59664575,220.4,751.3350375,0.751335038,530.2000,664.9,0.001330964,0.030446117,1,1.33096E-06
280.0000,64.1275415,220.4,750.630881,0.750630881,531.4000,663.4,0.001332213,0.030165191,1,1.33221E-06
280.5556,64.67222675,220.4,749.5771175,0.749577117,532.7000,661.9,0.001334086,0.029884265,1,1.33409E-06
281.1111,65.21001725,220.4,748.5263084,0.748526308,533.9000,660.4,0.001335958,0.029615825,1,1.33596E-06
281.6667,65.76159725,220.4,747.4784414,0.747478441,535.2000,658.8,0.001337831,0.029341142,1,1.33783E-06
282.2222,66.3062825,220.4,746.4335042,0.746433504,536.4000,657.3,0.001339704,0.029072702,1,1.3397E-06
282.7778,66.86475725,220.4,745.3914844,0.745391484,537.7000,655.7,0.001341577,0.028804262,1,1.34158E-06
283.3333,67.41633725,220.4,744.6984193,0.744698419,538.9000,654.2,0.001342825,0.028542064,1,1.34283E-06
283.8889,67.98170675,220.4,743.6612349,0.743661235,540.2000,652.6,0.001344698,0.028279867,1,1.3447E-06
284.4444,68.5401815,220.4,742.6269356,0.742626936,541.5000,651.0,0.001346571,0.028023912,1,1.34657E-06
285.0000,69.08486675,220.4,741.5955093,0.741595509,542.7000,649.4,0.001348444,0.027767958,1,1.34844E-06
285.5556,69.70539425,220.4,740.5669441,0.740566944,544.0000,647.8,0.001350317,0.027512003,1,1.35032E-06
286.1111,70.25697425,220.4,739.5412281,0.739541228,545.3000,646.3,0.00135219,0.027262291,1,1.35219E-06
286.6667,70.80855425,220.4,738.5183495,0.738518349,546.5000,644.7,0.001354062,0.027012579,1,1.35406E-06
287.2222,71.42908175,220.4,737.4982965,0.737498297,547.8000,643.0,0.001355935,0.026762867,1,1.35594E-06
287.7778,71.98066175,220.4,736.4810575,0.736481057,549.1000,641.4,0.001357808,0.026519398,1,1.35781E-06
288.3333,72.60118925,220.4,735.4666208,0.735466621,550.4000,639.8,0.001359681,0.026275929,1,1.35968E-06
288.8889,73.15276925,220.4,734.1183776,0.734118378,551.7000,638.2,0.001362178,0.026038703,1,1.36218E-06
289.4444,73.77329675,220.4,733.1104348,0.733110435,552.9000,636.5,0.001364051,0.025801477,1,1.36405E-06
290.0000,74.39382425,220.4,732.1052559,0.732105256,554.2000,634.9,0.001365924,0.02556425,1,1.36592E-06
290.5556,75.01435175,220.4,731.1028298,0.73110283,555.5000,633.2,0.001367797,0.025327024,1,1.3678E-06
291.1111,75.56593175,220.4,730.1031449,0.730103145,556.8000,631.6,0.001369669,0.025096041,1,1.36967E-06
291.6667,76.18645925,220.4,729.1061903,0.72910619,558.1000,629.9,0.001371542,0.0248713,1,1.37154E-06
292.2222,76.80698675,220.4,727.7811449,0.727781145,559.4000,628.2,0.001374039,0.024640317,1,1.37404E-06
292.7778,77.42751425,220.4,726.7905172,0.726790517,560.7000,626.6,0.001375912,0.024415576,1,1.37591E-06
293.3333,78.04804175,220.4,725.8025827,0.725802583,562.0000,624.9,0.001377785,0.024190835,1,1.37779E-06
293.8889,78.66856925,220.4,724.8173303,0.72481733,563.3000,623.2,0.001379658,0.023972337,1,1.37966E-06
294.4444,79.28909675,220.4,723.5078139,0.723507814,564.6000,621.5,0.001382155,0.02375384,1,1.38216E-06
295.0000,79.97857175,220.4,722.5287776,0.722528778,565.9000,619.7,0.001384028,0.023535342,1,1.38403E-06
295.5556,80.59909925,220.4,721.2275101,0.72122751,567.2000,618.0,0.001386525,0.023323087,1,1.38653E-06
296.1111,81.21962675,220.4,720.2546313,0.720254631,568.6000,616.3,0.001388398,0.023104589,1,1.3884E-06
296.6667,81.90910175,220.4,719.2843736,0.719284374,569.9000,614.5,0.001390271,0.022898576,1,1.39027E-06
297.2222,82.52962925,220.4,717.9947557,0.717994756,571.2000,612.8,0.001392768,0.022686321,1,1.39277E-06
297.7778,83.15015675,220.4,717.030573,0.717030573,572.5000,611.0,0.001394641,0.022480309,1,1.39464E-06
298.3333,83.83963175,220.4,715.749017,0.715749017,573.8000,609.3,0.001397138,0.022274297,1,1.39714E-06
298.8889,84.52910675,220.4,714.7908523,0.714790852,575.2000,607.5,0.001399011,0.022068285,1,1.39901E-06
299.4444,85.14963425,220.4,713.5172829,0.713517283,576.5000,605.7,0.001401508,0.021868515,1,1.40151E-06
300.0000,85.83910925,220.4,712.5650801,0.71256508,577.8000,603.9,0.001403381,0.021668746,1,1.40338E-06
300.5556,86.52858425,220.4,711.2994227,0.711299423,579.2000,602.1,0.001405878,0.021468976,1,1.40588E-06
301.1111,87.21805925,220.4,710.0382535,0.710038254,580.5000,600.3,0.001408375,0.021269207,1,1.40837E-06
301.6667,87.83858675,220.4,709.0953077,0.709095308,581.9000,598.5,0.001410248,0.02107568,1,1.41025E-06
302.2222,88.52806175,220.4,707.8419355,0.707841935,583.2000,596.7,0.001412745,0.020882153,1,1.41274E-06
302.7778,89.21753675,220.4,706.5929863,0.706592986,584.6000,594.8,0.001415242,0.020688627,1,1.41524E-06
303.3333,89.97595925,220.4,705.3484368,0.705348437,585.9000,593.0,0.001417739,0.020501343,1,1.41774E-06
303.8889,90.66543425,220.4,704.417898,0.704417898,587.3000,591.1,0.001419612,0.020314059,1,1.41961E-06
304.4444,91.35490925,220.4,703.1809921,0.703180992,588.6000,589.2,0.001422109,0.020126775,1,1.42211E-06
305.0000,92.04438425,220.4,701.9484224,0.701948422,590.0000,587.4,0.001424606,0.019939491,1,1.42461E-06
305.5556,92.73385925,220.4,700.7201662,0.700720166,591.4000,585.5,0.001427103,0.01975845,1,1.4271E-06
306.1111,93.49228175,220.4,699.4962009,0.699496201,592.7000,583.6,0.0014296,0.019571166,1,1.4296E-06
306.6667,94.18175675,220.4,698.2765039,0.698276504,594.1000,581.7,0.001432097,0.019390125,1,1.4321E-06
307.2222,94.94017925,220.4,697.0610531,0.697061053,595.5000,579.8,0.001434595,0.019215327,1,1.43459E-06
307.7778,95.62965425,220.4,695.8498262,0.695849826,596.9000,577.8,0.001437092,0.019034286,1,1.43709E-06
308.3333,96.38807675,220.4,694.6428014,0.694642801,598.2000,575.9,0.001439589,0.018859487,1,1.43959E-06
308.8889,97.14649925,220.4,693.4399567,0.693439957,599.6000,573.9,0.001442086,0.018684689,1,1.44209E-06
309.4444,97.83597425,220.4,692.2412705,0.692241271,601.0000,572.0,0.001444583,0.018509891,1,1.44458E-06
310.0000,98.59439675,220.4,691.0467213,0.691046721,602.4000,570.0,0.00144708,0.018341335,1,1.44708E-06
310.5556,99.35281925,220.4,689.5593198,0.68955932,603.8000,568.0,0.001450202,0.01817278,1,1.4502E-06
311.1111,100.1112418,220.4,688.3740009,0.688374001,605.2000,566.0,0.001452699,0.017997981,1,1.4527E-06
311.6667,100.8696643,220.4,687.1927499,0.68719275,606.6000,564.0,0.001455196,0.017835669,1,1.4552E-06
312.2222,101.6280868,220.4,686.015546,0.686015546,608.0000,562.0,0.001457693,0.017667113,1,1.45769E-06
312.7778,102.3865093,220.4,684.5497009,0.684549701,609.5000,560.0,0.001460814,0.017504801,1,1.46081E-06
313.3333,103.1449318,220.4,683.3815273,0.683381527,610.9000,557.9,0.001463311,0.017336245,1,1.46331E-06
313.8889,103.9723018,220.4,681.9269051,0.681926905,612.3000,555.9,0.001466433,0.017173932,1,1.46643E-06
314.4444,104.7307243,220.4,680.7676583,0.680767658,613.7000,553.8,0.00146893,0.017017862,1,1.46893E-06
315.0000,105.4891468,220.4,679.3241306,0.679324131,615.2000,551.7,0.001472051,0.01685555,1,1.47205E-06
315.5556,106.3165168,220.4,678.1737087,0.678173709,616.6000,549.6,0.001474548,0.01669948,1,1.47455E-06
316.1111,107.0749393,220.4,676.7411491,0.676741149,618.0000,547.5,0.00147767,0.01654341,1,1.47767E-06
316.6667,107.9023093,220.4,675.5994517,0.675599452,619.5000,545.4,0.001480167,0.01638734,1,1.48017E-06
317.2222,108.7296793,220.4,674.1777357,0.674177736,620.9000,543.3,0.001483288,0.01623127,1,1.48329E-06
317.7778,109.4881018,220.4,672.7619908,0.672761991,622.4000,541.2,0.00148641,0.0160752,1,1.48641E-06
318.3333,110.3154718,220.4,671.3521794,0.671352179,623.8000,539.0,0.001489531,0.015925373,1,1.48953E-06
318.8889,111.1428418,220.4,670.2285774,0.670228577,625.3000,536.8,0.001492028,0.015775546,1,1.49203E-06
319.4444,111.9702118,220.4,668.8293528,0.668829353,626.8000,534.7,0.00149515,0.015625719,1,1.49515E-06
320.0000,112.7975818,220.4,667.4359583,0.667435958,628.2000,532.5,0.001498271,0.015475892,1,1.49827E-06
320.5556,113.6249518,220.4,666.0483576,0.666048358,629.7000,530.2,0.001501392,0.015326065,1,1.50139E-06
321.1111,114.4523218,220.4,664.6665145,0.664666515,631.2000,528.0,0.001504514,0.01518248,1,1.50451E-06
321.6667,115.2796918,220.4,663.2903934,0.663290393,632.7000,525.8,0.001507635,0.015038896,1,1.50764E-06
322.2222,116.1760093,220.4,661.646551,0.661646551,634.2000,523.5,0.001511381,0.014895312,1,1.51138E-06
322.7778,117.0033793,220.4,660.2828937,0.660282894,635.7000,521.3,0.001514502,0.014751727,1,1.5145E-06
323.3333,117.8307493,220.4,658.9248457,0.658924846,637.2000,519.0,0.001517624,0.014608143,1,1.51762E-06
323.8889,118.7270668,220.4,657.5723727,0.657572373,638.7000,516.7,0.001520745,0.014464559,1,1.52075E-06
324.4444,119.5544368,220.4,655.9567158,0.655956716,640.2000,514.4,0.001524491,0.014327217,1,1.52449E-06
325.0000,120.4507543,220.4,654.6163874,0.654616387,641.7000,512.0,0.001527612,0.014189876,1,1.52761E-06
325.5556,121.3470718,220.4,653.0152059,0.653015206,643.2000,509.7,0.001531358,0.014052534,1,1.53136E-06
326.1111,122.2433893,220.4,651.6868592,0.651686859,644.7000,507.3,0.001534479,0.013915193,1,1.53448E-06
326.6667,123.0707593,220.4,650.0999594,0.650099959,646.3000,504.9,0.001538225,0.013777851,1,1.53822E-06
327.2222,123.9670768,220.4,648.5207692,0.648520769,647.8000,502.5,0.001541971,0.013646753,1,1.54197E-06
327.7778,124.8633943,220.4,647.2106263,0.647210626,649.4000,500.1,0.001545092,0.013509411,1,1.54509E-06
328.3333,125.7597118,220.4,645.6454252,0.645645425,650.9000,497.7,0.001548838,0.013378312,1,1.54884E-06
328.8889,126.7249768,220.4,644.0877764,0.644087776,652.5000,495.2,0.001552583,0.013247214,1,1.55258E-06
329.4444,127.6212943,220.4,642.5376254,0.642537625,654.1000,492.7,0.001556329,0.013116115,1,1.55633E-06
330.0000,128.5176118,220.4,640.994918,0.640994918,655.6000,490.3,0.001560075,0.012985016,1,1.56007E-06
330.5556,129.4139293,220.4,639.4596008,0.639459601,657.2000,487.7,0.00156382,0.012853917,1,1.56382E-06
331.1111,130.3791943,220.4,637.9316209,0.637931621,658.8000,485.2,0.001567566,0.012729061,1,1.56757E-06
331.6667,131.2755118,220.4,636.1581811,0.636158181,660.4000,482.7,0.001571936,0.012597963,1,1.57194E-06
332.2222,132.2407768,220.4,634.6459192,0.634645919,662.0000,480.1,0.001575682,0.012473107,1,1.57568E-06
332.7778,133.2060418,220.4,633.14083,0.63314083,663.6000,477.5,0.001579427,0.012348251,1,1.57943E-06
333.3333,134.1023593,220.4,631.3938904,0.63139389,665.2000,474.9,0.001583797,0.012223395,1,1.5838E-06
333.8889,135.0676243,220.4,629.9041683,0.629904168,666.8000,472.3,0.001587543,0.012098539,1,1.58754E-06
334.4444,136.0328893,220.4,628.1750196,0.62817502,668.5000,469.6,0.001591913,0.011973683,1,1.59191E-06
335.0000,136.9981543,220.4,626.4553383,0.626455338,670.1000,466.9,0.001596283,0.01185507,1,1.59628E-06
335.5556,137.9634193,220.4,624.7450468,0.624745047,671.7000,464.2,0.001600653,0.011730214,1,1.60065E-06
336.1111,138.9286843,220.4,623.0440685,0.623044068,673.4000,461.5,0.001605023,0.011611601,1,1.60502E-06
336.6667,139.9628968,220.4,621.3523274,0.621352327,675.1000,458.8,0.001609393,0.011492988,1,1.60939E-06
337.2222,140.9281618,220.4,619.6697485,0.619669749,676.7000,456.0,0.001613763,0.011374375,1,1.61376E-06
337.7778,141.8934268,220.4,617.9962577,0.617996258,678.4000,453.2,0.001618133,0.011255762,1,1.61813E-06
338.3333,142.9276393,220.4,616.0947308,0.616094731,680.1000,450.4,0.001623127,0.011137148,1,1.62313E-06
338.8889,143.8929043,220.4,614.440468,0.614440468,681.8000,447.5,0.001627497,0.011018535,1,1.6275E-06
339.4444,144.9271168,220.4,612.5607266,0.612560727,683.5000,444.7,0.001632491,0.010906165,1,1.63249E-06
340.0000,145.9613293,220.4,610.6924514,0.610692451,685.2000,441.8,0.001637485,0.010787552,1,1.63749E-06
340.5556,146.9265943,220.4,608.8355378,0.608835538,686.9000,438.8,0.00164248,0.010675182,1,1.64248E-06
341.1111,147.9608068,220.4,606.9898825,0.606989883,688.7000,435.9,0.001647474,0.010556568,1,1.64747E-06
341.6667,148.9950193,220.4,605.1553835,0.605155383,690.4000,432.9,0.001652468,0.010444198,1,1.65247E-06
342.2222,150.0292318,220.4,603.3319397,0.60333194,692.2000,429.9,0.001657462,0.010331828,1,1.65746E-06
342.7778,151.1323918,220.4,601.5194517,0.601519452,694.0000,426.8,0.001662457,0.010219457,1,1.66246E-06
343.3333,152.1666043,220.4,599.4933757,0.599493376,695.7000,423.7,0.001668075,0.010107087,1,1.66808E-06
343.8889,153.2008168,220.4,597.7038433,0.597703843,697.5000,420.6,0.001673069,0.01000096,1,1.67307E-06
344.4444,154.2350293,220.4,595.703347,0.595703347,699.3000,417.5,0.001678688,0.009888589,1,1.67869E-06
345.0000,155.3381893,220.4,593.7161972,0.593716197,701.2000,414.3,0.001684306,0.009776219,1,1.68431E-06
345.5556,156.3724018,220.4,591.7422608,0.591742261,703.0000,411.1,0.001689925,0.009670091,1,1.68992E-06
346.1111,157.4755618,220.4,589.5643357,0.589564336,704.8000,407.8,0.001696168,0.009557721,1,1.69617E-06
346.6667,158.5787218,220.4,587.617865,0.587617865,706.7000,404.5,0.001701786,0.009451593,1,1.70179E-06
347.2222,159.6818818,220.4,585.4701389,0.585470139,708.6000,401.2,0.001708029,0.009345466,1,1.70803E-06
347.7778,160.7850418,220.4,583.3380554,0.583338055,710.5000,397.8,0.001714272,0.009239338,1,1.71427E-06
348.3333,161.8882018,220.4,581.2214441,0.581221444,712.4000,394.4,0.001720515,0.009126968,1,1.72051E-06
348.8889,162.9913618,220.4,579.1201374,0.579120137,714.3000,391.0,0.001726757,0.009020841,1,1.72676E-06
349.4444,164.0945218,220.4,576.8261793,0.576826179,716.2000,387.5,0.001733625,0.008914713,1,1.73362E-06
350.0000,165.1976818,220.4,574.7564765,0.574756476,718.2000,383.9,0.001739867,0.008814828,1,1.73987E-06
350.5556,166.3697893,220.4,572.4968906,0.572496891,720.1000,380.4,0.001746734,0.008708701,1,1.74673E-06
351.1111,167.4729493,220.4,570.2550018,0.570255002,722.1000,376.7,0.001753601,0.008602573,1,1.7536E-06
351.6667,168.6450568,220.4,567.8292449,0.567829245,724.1000,373.0,0.001761093,0.008496446,1,1.76109E-06
352.2222,169.7482168,220.4,565.4240381,0.565424038,726.1000,369.3,0.001768584,0.008396561,1,1.76858E-06
352.7778,170.9203243,220.4,563.0391213,0.563039121,728.2000,365.5,0.001776076,0.008290433,1,1.77608E-06
353.3333,172.0924318,220.4,560.6742387,0.560674239,730.2000,361.6,0.001783567,0.008190549,1,1.78357E-06
353.8889,173.2645393,220.4,558.3291391,0.558329139,732.3000,357.7,0.001791058,0.008084421,1,1.79106E-06
354.4444,174.4366468,220.4,555.8106523,0.555810652,734.4000,353.8,0.001799174,0.007984536,1,1.79917E-06
355.0000,175.6087543,220.4,553.1237224,0.553123722,736.6000,349.7,0.001807914,0.007878409,1,1.80791E-06
355.5556,176.7808618,220.4,550.6518735,0.550651873,738.7000,345.6,0.001816029,0.007778524,1,1.81603E-06
356.1111,178.0219168,220.4,548.0144714,0.548014471,740.9000,341.5,0.001824769,0.007672397,1,1.82477E-06
356.6667,179.1940243,220.4,545.4022131,0.545402213,743.1000,337.2,0.001833509,0.007572512,1,1.83351E-06
357.2222,180.4350793,220.4,542.6308604,0.54263086,745.4000,332.9,0.001842873,0.007472627,1,1.84287E-06
357.7778,181.6071868,220.4,539.8875295,0.539887529,747.6000,328.5,0.001852238,0.0073665,1,1.85224E-06
358.3333,182.8482418,220.4,536.9917197,0.53699172,750.0000,324.0,0.001862226,0.007266615,1,1.86223E-06
358.8889,184.0892968,220.4,534.1268089,0.534126809,752.3000,319.4,0.001872215,0.00716673,1,1.87221E-06
359.4444,185.3303518,220.4,531.1161472,0.531116147,754.7000,314.8,0.001882827,0.007060603,1,1.88283E-06
360.0000,186.5714068,220.4,528.1392351,0.528139235,757.1000,310.0,0.00189344,0.006960718,1,1.89344E-06
360.5556,187.8124618,220.4,525.0233694,0.525023369,759.5000,305.1,0.001904677,0.006860833,1,1.90468E-06
361.1111,189.0535168,220.4,521.7740391,0.521774039,762.0000,300.1,0.001916538,0.006754705,1,1.91654E-06
361.6667,190.3635193,220.4,518.5646811,0.518564681,764.6000,295.0,0.0019284,0.006654821,1,1.9284E-06
362.2222,191.6045743,220.4,515.2287874,0.515228787,767.2000,289.8,0.001940885,0.006548693,1,1.94089E-06
362.7778,192.9145768,220.4,511.7719808,0.511771981,769.8000,284.4,0.001953995,0.006448808,1,1.954E-06
363.3333,194.1556318,220.4,508.3612504,0.50836125,772.5000,278.9,0.001967105,0.006342681,1,1.96711E-06
363.8889,195.4656343,220.4,504.6774732,0.504677473,775.3000,273.2,0.001981464,0.006239675,1,1.98146E-06
364.4444,196.7756368,220.4,500.890025,0.500890025,778.1000,267.4,0.001996446,0.006134796,1,1.99645E-06
365.0000,198.0856393,220.4,497.0047471,0.497004747,781.0000,261.4,0.002012053,0.006028668,1,2.01205E-06
365.5556,199.3956418,220.4,493.0274854,0.493027485,784.0000,255.1,0.002028284,0.005921292,1,2.02828E-06
366.1111,200.7745918,220.4,488.8148612,0.488814861,787.1000,248.6,0.002045764,0.005812668,1,2.04576E-06
366.6667,202.0845943,220.4,484.5270115,0.484527011,790.3000,241.9,0.002063868,0.005702794,1,2.06387E-06
367.2222,203.4635443,220.4,479.8820551,0.479882055,793.6000,234.9,0.002083845,0.005591673,1,2.08385E-06
367.7778,204.7735468,220.4,475.1843073,0.475184307,797.0000,227.5,0.002104447,0.005478054,1,2.10445E-06
368.3333,206.1524968,220.4,470.1632815,0.470163281,800.6000,219.8,0.002126921,0.005361938,1,2.12692E-06
368.8889,207.5314468,220.4,464.8422229,0.464842223,804.3000,211.6,0.002151268,0.0052427,1,2.15127E-06
369.4444,208.9103968,220.4,459.2449255,0.459244925,808.2000,203.0,0.002177487,0.005119717,1,2.17749E-06
370.0000,210.2893468,220.4,453.1389816,0.453138982,812.4000,193.7,0.002206828,0.004992988,1,2.20683E-06
370.5556,211.6682968,220.4,446.5699192,0.446569919,817.0000,183.6,0.002239291,0.004859393,1,2.23929E-06
371.1111,213.1161943,220.4,439.2230052,0.439223005,821.9000,172.5,0.002276748,0.00471893,1,2.27675E-06
372.235,215.999,220.4,420.876,0.420876,833.888,170,0.002375997,0.0047,1,2.376E-06
